<?xml version="1.0" encoding="UTF-8"?>
<!DOCTYPE mapper PUBLIC "-//mybatis.org//DTD Mapper 3.0//EN" "http://mybatis.org/dtd/mybatis-3-mapper.dtd">
<mapper namespace="cursoDAgil.bd.mappers.ClienteMapper">
 
  <resultMap id="BaseResultMap" type="cursoDAgil.bd.domain.Cliente">
  	<id column="id" property="id"/>
  	<result column="nombre" jdbcType="VARCHAR" property="nombre"/>
  	<result column="apellido" jdbcType="VARCHAR" property="apellido"/>
  	<result column="email" jdbcType="VARCHAR" property="email" />
    <result column="sexo" jdbcType="VARCHAR" property="sexo" />
    <result column="idDireccion" jdbcType="INTEGER" property="iddireccion" />
  </resultMap>
  
  <resultMap id="ResultClienteDireccion" type="cursoDAgil.bd.domain.Cliente">
  	<id column="id" property="id"/>
  	<result column="nombre" jdbcType="VARCHAR" property="nombre"/>
  	<result column="apellido" jdbcType="VARCHAR" property="apellido"/>
  	<result column="email" jdbcType="VARCHAR" property="email" />
    <result column="sexo" jdbcType="VARCHAR" property="sexo" />
    <result column="idDireccion" jdbcType="INTEGER" property="iddireccion" />
    <association property="direccion" column="idDireccion"
    	resultMap="DireccionResultMap"/>
  </resultMap>
  
  <resultMap id="DireccionResultMap" type="cursoDAgil.bd.domain.Direccion">
	<id column="idDireccion" property="idDireccion" />
	<result column="calle" property="calle" />
	<result column="numero" property="numero" />
	<result column="colonia" property="colonia" />
	<result column="ciudad" property="ciudad" />
	<result column="estado" property="estado" />
	<result column="pais" property="pais" />
	<result column="codigoPostal" property="codigoPostal" />
  </resultMap>

  <select id="obtenerClientes" resultMap="ResultClienteDireccion">
	SELECT 
	cli.id, 
	cli.nombre, 
	cli.apellido, 
	cli.email, 
	cli.sexo, 
	cli.idDireccion,
	d.idDireccion, 
	d.calle, 
	d.numero, 
	d.colonia, 
	d.ciudad, 
	d.estado, 
	d.pais, 
	d.codigoPostal
	FROM EQUIPO5.CLIENTE cli INNER JOIN direccion AS d ON cli.idDireccion = d.idDireccion 
  </select>
  
  <select id="obtenerClientes_SinDireccion" resultMap="ResultClienteDireccion">
	SELECT * FROM cliente
  </select>
  
  
  <insert id="nuevoCliente"
		parameterType="cursoDAgil.bd.domain.Cliente" useGeneratedKeys="true" keyProperty="idCliente">
		INSERT INTO cliente(nombre, apellido, email, sexo, idDireccion)
		VALUES (#{nombre},#{apellido},#{email},#{sexo},#{direccion.idDireccion})
	</insert>
  
  	<select id="obtenerClientePorId" resultMap="ResultClienteDireccion"
		parameterType="hashMap">
		SELECT cli.id, cli.nombre, cli.apellido, cli.email, cli.sexo, cli.idDireccion,
		d.idDireccion, d.calle, d.numero, d.colonia, d.ciudad, d.estado, d.pais, d.codigoPostal
		FROM EQUIPO5.CLIENTE cli INNER JOIN direccion AS d ON cli.idDireccion = d.idDireccion
		WHERE id = #{id}
	</select>
	
	<select id="obtenerClientePorId_SinDireccion" resultMap="ResultClienteDireccion"
		parameterType="hashMap">
		SELECT * FROM cliente
		WHERE id = #{id}
	</select>
	
	<update
	  id="modificarClientePorId"
	  parameterType="cursoDAgil.bd.domain.Cliente">
		    UPDATE CLIENTE SET 
		  	nombre = #{nombre},
		  	apellido = #{apellido},
		  	email = #{email},
		  	sexo = #{sexo},
		  	idDireccion = #{direccion.idDireccion}
		    WHERE id = #{id}
	</update>
	
	<delete
	  id="eliminarClientePorId" parameterType="hashMap">
	  DELETE FROM CLIENTE WHERE id = #{id}
	</delete>
  
  
</mapper>