<?xml version="1.0" encoding="UTF-8" ?>
<!DOCTYPE mapper PUBLIC "-//mybatis.org//DTD Mapper 3.0//EN" "http://mybatis.org/dtd/mybatis-3-mapper.dtd" >
<mapper namespace="cursoDAgil.bd.mappers.DetalleVentasMapper">

	<resultMap id="BaseResultMap" type="cursoDAgil.bd.domain.DetalleVentas">
		<id column="ventaId" property="ventaId" jdbcType="INTEGER"/>
		<result column="productoId" jdbcType="INTEGER" property="productoId" />
		<result column="cantidad" jdbcType="INTEGER" property="cantidad" />
	    <association property="productos" column="productoId"
			resultMap="ProductosResultMap" />
	</resultMap>
	
	<resultMap id="ProductosResultMap" type="cursoDAgil.bd.domain.Productos">
		<id column="idProducto" property="idProducto" jdbcType="INTEGER"/>
	    <result column="nombre" jdbcType="VARCHAR" property="nombre"/>
	    <result column="precio" jdbcType="DOUBLE" property="precio"/>
	    <result column="precioVta" jdbcType="DOUBLE" property="precioVta"/>
	    <result column="cantidad" jdbcType="INTEGER" property="cantidad" />
	    <result column="marcaId" jdbcType="INTEGER" property="marcaId" />
	    <association property="marca" column="marcaId"
			resultMap="MarcaResultMap" />
	</resultMap>
	
	<resultMap id="MarcaResultMap" type="cursoDAgil.bd.domain.Marcas">
		<id column="idMarca" property="idMarca" jdbcType="INTEGER"/>
		<result column="nombreMarca" property="nombreMarca" jdbcType="VARCHAR" />
	</resultMap>
	
	
	<insert id="nuevoDetalleVentas"
		parameterType="cursoDAgil.bd.domain.DetalleVentas">
	INSERT INTO detalleventas(ventaId, productoId, cantidad)
	VALUES (#{ventaId},#{productoId},#{cantidad})
	</insert>
	
	<select id="obtenerDetallesVentasPorVenta" resultMap="BaseResultMap"
	parameterType="hashMap">
	SELECT
		dv.ventaId,
		dv.productoId,
		dv.cantidad,
		pro.idProducto,
		pro.nombre,
		pro.precio,
		pro.precioVta,
		pro.cantidad,
		pro.marcaId,
		mar.idMarca,
		mar.nombreMarca
		FROM detalleventas dv, productos pro, marcas mar WHERE dv.productoId = pro.idProducto AND pro.marcaId = mar.idMarca AND dv.ventaId = #{ventaId}
	</select>
	
	<select id="obtenerDetallesVentas" resultMap="BaseResultMap" 
	parameterType="hashMap">
	SELECT * FROM detalleventas 
	</select>
</mapper>