<?xml version="1.0" encoding="UTF-8"?>
<!DOCTYPE mapper PUBLIC "-//mybatis.org//DTD Mapper 3.0//EN" "http://mybatis.org/dtd/mybatis-3-mapper.dtd">
<mapper namespace="cursoDAgil.bd.mappers.GananciasMapper">
  <resultMap id="BaseResultMap" type="cursoDAgil.bd.domain.Ganancias">
    <!--
      WARNING - @mbg.generated
      This element is automatically generated by MyBatis Generator, do not modify.
      This element was generated on Tue Mar 12 18:04:40 CST 2019.
    -->
    <id column="idGanancia" jdbcType="INTEGER" property="idGanancia" />
    <result column="ventaId" jdbcType="INTEGER" property="ventaId" />
    <result column="totalGanancia" jdbcType="DOUBLE" property="totalGanancia" />
    <result column="fecha" jdbcType="DATE" property="fecha" />
    <!-- <association property="ventas" column="ventaId"
    	resultMap="VentasResultMap"/>  -->
  </resultMap>
  
  <select id="obtenerGanancias" resultMap="BaseResultMap">
  		SELECT * FROM EQUIPO5.GANANCIAS
  </select>
  
  <select id="obtenerGananciaPorFecha" resultMap="BaseResultMap"
		parameterType="hashMap">
		SELECT
		ga.idGanancia,
		ga.ventaId,
		ga.totalGanancia,
		ga.fecha
		FROM
		EQUIPO5.GANANCIAS ga
		WHERE
		ga.fecha = #{fecha}
	</select>
	
	<insert id="nuevaGanancia"
		parameterType="cursoDAgil.bd.domain.Ganancias" useGeneratedKeys="true" keyProperty="idGanancia">
		INSERT INTO Ganancias(ventaId, totalGanancia, fecha)
		VALUES (#{ventaId}, #{totalGanancia}, #{fecha})
	</insert>
</mapper>