<?xml version="1.0" encoding="UTF-8"?>
<!DOCTYPE mapper PUBLIC "-//mybatis.org//DTD Mapper 3.0//EN" "http://mybatis.org/dtd/mybatis-3-mapper.dtd" >
<mapper namespace="cursoDAgil.bd.mappers.MarcasMapper">
	
	<resultMap id="BaseResultMap" type="cursoDAgil.bd.domain.Marcas">
		<id column="idMarca" property="idMarca" jdbcType="INTEGER"/>
		<result column="nombreMarca" property="nombreMarca" jdbcType="VARCHAR" />
	</resultMap>
	
	<select id="obtenerMarcas" resultMap="BaseResultMap">
		SELECT * FROM
		MARCAS
	</select>
	
	<insert id="nuevaMarca"
		parameterType="cursoDAgil.bd.domain.Marcas" useGeneratedKeys="true" keyProperty="idMarca">
		INSERT INTO marcas(nombreMarca)
		VALUES (#{nombreMarca})
	</insert>
	
	<select id="obtenerMarcaPorId" resultMap="BaseResultMap"
		parameterType="hashMap">
		SELECT
		mar.nombreMarca, mar.idMarca
		FROM
		EQUIPO5.MARCAS mar
		WHERE
		idMarca = #{idMarca}
	</select>
	
	<update id="modificarMarcaPorId">
	  	update MARCAS set 
	  	nombreMarca = #{nombreMarca}
	  	where idMarca = #{idMarca}
	</update>
	
	<delete
	  	id="eliminarMarcaPorId" 
		parameterType="hashMap">
	  	delete from MARCAS where idMarca = #{idMarca}
	</delete>
	  
</mapper>