<?xml version="1.0" encoding="UTF-8" ?>
<!DOCTYPE mapper PUBLIC "-//mybatis.org//DTD Mapper 3.0//EN" "http://mybatis.org/dtd/mybatis-3-mapper.dtd" >
<mapper namespace="cursoDAgil.bd.mappers.ProductosMapper">

	<resultMap id="BaseResultMap" type="cursoDAgil.bd.domain.Productos">
		<id column="idProducto" property="idProducto" jdbcType="INTEGER"/>
	    <result column="nombre" jdbcType="VARCHAR" property="nombre"/>
	    <result column="precio" jdbcType="DOUBLE" property="precio"/>
	    <result column="precioVta" jdbcType="DOUBLE" property="precioVta"/>
	    <result column="cantidad" jdbcType="INTEGER" property="cantidad" />
	    <result column="marcaId" jdbcType="INTEGER" property="marcaId" />
	    <association property="marca" column="marcaId"
			resultMap="MarcaResultMap" />
	</resultMap>
	
	<resultMap id="MarcaResultMap" type="cursoDAgil.bd.domain.Marcas">
		<id column="idMarca" property="idMarca" jdbcType="INTEGER"/>
		<result column="nombreMarca" property="nombreMarca" jdbcType="VARCHAR" />
	</resultMap>
	
	<select id="obtenerProductos" resultMap="BaseResultMap">
		SELECT  
			pro.idProducto,
			pro.nombre,
			pro.precio,
			pro.precioVta,
			pro.cantidad,
			pro.marcaId,
			mar.idMarca,
			mar.nombreMarca
		FROM productos pro
				INNER JOIN marcas AS mar ON pro.marcaId =
				mar.idMarca
	</select>
	
	<select id="obtenerProductos_SinMarca" resultMap="BaseResultMap">
		SELECT * FROM productos
	</select>
	
	<insert id="nuevoProducto"
		parameterType="cursoDAgil.bd.domain.Productos" useGeneratedKeys="true" keyProperty="idProducto">
		INSERT INTO productos(nombre, precio, precioVta, cantidad, marcaId)
		VALUES (#{nombre},#{precio},#{precioVta},#{cantidad},#{marca.idMarca})
	</insert>
	
	<select id="obtenerProductoPorId" resultMap="BaseResultMap"
	parameterType="hashMap">
		SELECT
			pro.idProducto,
			pro.nombre,
			pro.precio,
			pro.precioVta,
			pro.cantidad,
			pro.marcaId,
			mar.idMarca,
			mar.nombreMarca
			FROM productos pro INNER JOIN marcas AS mar ON pro.marcaId = mar.idMarca
			WHERE idProducto = #{idProducto}
	</select>
	
	<select id="obtenerProductoPorId_SinMarca" resultMap="BaseResultMap"
	parameterType="hashMap">
		SELECT * FROM productos
		WHERE idProducto = #{idProducto}
	</select>
	
	<update
	  id="modificarProductoPorId">
		    update PRODUCTOS set 
		  	nombre = #{nombre},
		  	precio = #{precio},
		  	precioVta = #{precioVta},
		  	cantidad = #{cantidad},
		  	marcaId = #{marca.idMarca}
		    where idProducto = #{idProducto}
	</update>
	
	<delete
	  id="eliminarProductoPorId" parameterType="hashMap">
	  delete from PRODUCTOS where idProducto = #{idProducto}
	</delete>
</mapper>