<?xml version="1.0" encoding="UTF-8" ?>
<!DOCTYPE mapper PUBLIC "-//mybatis.org//DTD Mapper 3.0//EN" "http://mybatis.org/dtd/mybatis-3-mapper.dtd" >
<mapper namespace="cursoDAgil.bd.mappers.VentasMapper">

<resultMap id="BaseResultMap" type="cursoDAgil.bd.domain.Ventas">
	<id column="idVenta" property="idVenta" jdbcType="INTEGER"/>
	<result column="clienteId" jdbcType="INTEGER" property="clienteId" />
	<result column="totalVenta" jdbcType="INTEGER" property="totalVenta" />
	<result column="fecha" jdbcType="DATE" property="fecha" />
	<association property="cliente" column="clienteId"
		resultMap="ClienteResultMap" />
    <collection property="detalleVentas" column="productoId" 
    			javaType="ArrayList"
    			ofType="cursoDAgil.bd.domain.DetalleVentas"
   				resultMap="DetallesVentasResultMap" />
</resultMap>
<resultMap id="ClienteResultMap" type="cursoDAgil.bd.domain.Cliente">
	<id column="id" property="id" jdbcType="INTEGER"/>
	<result column="nombre" jdbcType="VARCHAR" property="nombre" />
	<result column="apellido" jdbcType="VARCHAR" property="apellido" /> 
</resultMap>
<resultMap id="BaseResultMap2" type="cursoDAgil.bd.domain.Ventas">
	<id column="idVenta" property="idVenta" jdbcType="INTEGER"/>
	<result column="clienteId" jdbcType="INTEGER" property="clienteId" />
	<result column="totalVenta" jdbcType="INTEGER" property="totalVenta" />
	<result column="fecha" jdbcType="DATE" property="fecha" />
</resultMap>
<resultMap id="DetallesVentasResultMap" type="cursoDAgil.bd.domain.DetalleVentas">
	<id column="productoId" property="productoId" jdbcType="INTEGER"/>
	<result column="ventaId" jdbcType="INTEGER" property="ventaId" />
	<result column="cantidad" jdbcType="INTEGER" property="cantidad" />
    <association property="productos" column="productoId"
		resultMap="ProductosResultMap" />
</resultMap>
<resultMap id="ProductosResultMap" type="cursoDAgil.bd.domain.Productos">
	<id column="idProducto" property="idProducto" jdbcType="INTEGER"/>
    <result column="nombre" jdbcType="VARCHAR" property="nombre"/>
    <result column="precio" jdbcType="DOUBLE" property="precio"/>
    <result column="precioVta" jdbcType="DOUBLE" property="precioVta"/>
    <result column="cantidad" jdbcType="INTEGER" property="cantidad" />
    <result column="marcaId" jdbcType="INTEGER" property="marcaId" />
    <association property="marca" column="marcaId"
		resultMap="MarcaResultMap" />
</resultMap>

<resultMap id="MarcaResultMap" type="cursoDAgil.bd.domain.Marcas">
	<id column="idMarca" property="idMarca" jdbcType="INTEGER"/>
	<result column="nombreMarca" property="nombreMarca" jdbcType="VARCHAR" />
</resultMap>

<insert id="nuevaVenta"
	parameterType="cursoDAgil.bd.domain.Ventas">
INSERT INTO ventas(clienteId,totalVenta,fecha)
VALUES (#{clienteId},#{totalVenta},#{fecha})
</insert>

<select id="obtenerVentas" resultMap="BaseResultMap"
parameterType="hashMap">
SELECT 
	v.idVenta,
	v.clienteId,
	v.totalVenta,
	v.fecha,
	CASE WHEN v.clienteId IS NOT NULL THEN cli.nombre ELSE "Cliente eliminado" END AS nombre, 
	CASE WHEN v.clienteId IS NOT NULL THEN cli.apellido ELSE "Cliente eliminado" END AS apellido,
	dv.ventaId,
	dv.productoId,
	dv.cantidad,
	pro.idProducto,
	pro.nombre,
	pro.precio,
	pro.precioVta,
	pro.cantidad,
	pro.marcaId,
	mar.idMarca,
	mar.nombreMarca
	FROM ventas v,cliente cli, detalleventas dv, productos pro, marcas mar WHERE v.idVenta = dv.ventaId AND dv.productoId = pro.idProducto AND pro.marcaId = mar.idMarca AND (v.clienteId = cli.id OR v.clienteId is NULL)
</select>

<select id="obtenerVentasPorIdCliente" resultMap="BaseResultMap"
parameterType="hashMap">
SELECT 
	v.idVenta,
	v.clienteId,
	v.totalVenta,
	v.fecha,
	cli.nombre,
	cli.apellido,
	dv.ventaId,
	dv.productoId,
	dv.cantidad,
	pro.idProducto,
	pro.nombre,
	pro.precio,
	pro.precioVta,
	pro.cantidad,
	pro.marcaId,
	mar.idMarca,
	mar.nombreMarca
	FROM ventas v, cliente cli, detalleventas dv, productos pro, marcas mar WHERE v.clienteId = cli.id AND v.idVenta = dv.ventaId AND dv.productoId = pro.idProducto AND pro.marcaId = mar.idMarca AND v.clienteId = cli.id AND v.clienteId = #{clienteId}
</select>
<select id="obtenerUltimaVenta" resultMap="BaseResultMap2"
parameterType="hashMap">
	SELECT * FROM ventas WHERE idVenta = (SELECT MAX(idVenta) FROM VENTAS)
</select>
</mapper>